{
    "lr_mae": 0.49403761412733205,
    "lr_rmse": 0.6208816354639717,
    "rf_accuracy": 0.6931,
    "rf_auc": 0.87
}